fichier,lien_present_dans_index_html
Prologue.html,Oui
alg-lin-bktex.html,Non
algebre-lineaire-intro-matrices-rotation-plan.html,Oui
algebre-lineaire-theorie.html,Non
algebre-theorie-des-graphes.html,Non
algebre_lineaire.html,Oui
algebrelineaire-test.html,Non
analyse-fonctionnvar-introequadiff.html,Non
analyse-les-equations-de-droites.html,Oui
analyse-polynomes-introduction-definition-1-introduction-aux-polynomes.html,Non
analyse-polynomes-introduction-definition-2-operations-simples.html,Non
analyse-polynomes-introduction-definition-3-racine-factorisation.html,Non
analyse-polynomes-introduction-definition-4-arithmetique-des-polynomes.html,Non
analyse-polynomes-introduction-definition-5-polynomes-et-fonctions.html,Non
analyse-polynomes-introduction-definition-6-espaces-vectoriels-de-polynomes.html,Non
analyse-polynomes-introduction-definition-7-exercices.html,Non
analyse-polynomes-introduction-definition.html,Oui
analyse-suites-numeriques.html,Non
analyse-systemes-dynamiques-introduction.html,Non
analyse-trigonometrie.html,Non
analyse-vectorielle/analyse-vectorielle-chap01 - Copie.html,Non
analyse-vectorielle/analyse-vectorielle-chap01.html,Oui
analyse-vectorielle/analyse-vectorielle-chap02.html,Oui
analyse-vectorielle/analyse-vectorielle-chap03.html,Oui
analyse-vectorielle/analyse-vectorielle-chap04.html,Oui
analyse-vectorielle/analyse-vectorielle-chap05.html,Oui
analyse-vectorielle/analyse-vectorielle-chap06.html,Oui
bernstein-cours.html,Non
bernstein_formules.html,Non
chapitre-0-equations-mathematiques.html,Oui
chapitre-0-nombres-ensembles.html,Oui
chapitre-0-operations-mathematiques.html,Oui
chapitre-1-contexte-mathematiques-repere.html,Oui
chapitre-2-les-coordonnees-cartesiennes.html,Oui
chapitre-3-les-coordonnees-polaires.html,Oui
chapitre-4-les-coordonnees-dans-l-espace.html,Oui
chapitre-5-les-coordonnees-cylindriques.html,Oui
chapitre-6-les-coordonnees-spheriques.html,Oui
chapitre-7.0-les-vecteurs.html,Oui
chapitre-7.1-les-vecteurs-presentation-intuitive-premieres-definitions.html,Oui
chapitre-7.2-les-vecteurs-coordonnees-cartesiennes-et-polaires-des-vecteurs.html,Oui
chapitre-7.3-les-vecteurs-operation-sur-les-vecteurs.html,Oui
chapitre-7.4-les-vecteurs-produit-scalaire-et-comparaison-des-vecteurs.html,Oui
chapitre-7.5-les-vecteurs-Relation-AL-Kashi-Mediane-formule-cosinus-et-sinus.html,Oui
chapitre-7.6-les-vecteurs-applications-physique.html,Non
chapitre-7.6-les-vecteurs-lieux-geometriques.html,Oui
chapitre-7.7-les-vecteurs-TLDR.html,Oui
chapitre-7.8-les-vecteurs-exercices.html,Non
chapitre-8-element-de-geometrie - sauvegarde.html,Non
chapitre-8-element-de-geometrie.html,Non
chapitre-8.1-element-de-geometrie-Distance-entre-deux-point.html,Oui
chapitre-8.2-element-de-geometrie-Distance-point-droite.html,Oui
chapitre-8.3-element-de-geometrie-projete-orthogonal-vecteur-sur-vecteur.html,Oui
chapitre-8.4-element-de-geometrie-coordonnees-projete-orthogonal-droite.html,Oui
chapitre-8.5-element-de-geometrie-distance-point-plan.html,Oui
chapitre-8.6-element-de-geometrie-projection-orthogonale-sur-un-plan.html,Oui
chapitre-8.7-element-de-geometrie-definir-droites-vecteurs-segments.html,Oui
chapitre-9-les-barycentres-et-polynomes-de-bernstein-chapitre1.html,Oui
chapitre-9-les-barycentres-et-polynomes-de-bernstein-chapitre2.html,Oui
chapitre-9-les-barycentres-et-polynomes-de-bernstein-chapitre3.html,Oui
chapitre-9-les-barycentres-et-polynomes-de-bernstein-chapitre4.html,Oui
chapitre-9-les-barycentres-et-polynomes-de-bernstein-chapitre5.html,Oui
classification-generale-mathematiques-dewey.html,Non
courbes.html,Non
cours-algebre-lineaire-01.html,Non
cours-fourier-0.html,Non
cours-fourier-1-application.html,Non
cours-unitaire-2D-3D-plan-droite-du-plan-et-de-l-espace.html,Oui
cours-unitaire-le-determinant-outil-fondamental-des-mathematiques.html,Oui
cours-unitaire-les-quaternions-theorie-et-application-ALL-Sauvegarde.html,Non
cours-unitaire-les-quaternions-theorie-et-application-applications.html,Non
cours-unitaire-les-quaternions-theorie-et-application-definitions.html,Non
cours-unitaire-les-quaternions-theorie-et-application-operations.html,Non
cours-unitaire-les-quaternions-theorie-et-application-tldr.html,Non
cours-unitaire-les-quaternions-theorie-et-application.html,Oui
cours_statistiques.html,Non
cry0.html,Non
cry1.html,Non
cry2.html,Non
cry3.html,Non
edo_arnoldienne.html,Non
gdp1/polynome-position-vitesse-page1.html,Non
gdp1/polynome-position-vitesse-page2.html,Non
gdp1/polynome-position-vitesse-page3.html,Non
gdp1/polynome-position-vitesse.html,Non
gdp1-20260303.html,Non
gdp2/index.html,Non
index.html,Non
indexNEW.html,Non
input/Outils-calculs-detection-collision.html,Non
input/TODO-les-droites-dans-le-plan.html,Non
input/cours-unitaire-math-des-timelpase.html,Non
input/cours-unitaire-trajectoires-et-courbes - Copie.html,Non
input/gp1-ctrl-meca-stat-math/-template.html,Non
input/gp1-ctrl-meca-stat-math/20222102-gp1 - Meca.00.html,Non
input/gp1-ctrl-meca-stat-math/20223101-gp1.html,Non
input/gp1-ctrl-meca-stat-math/Controle-Argu-GP1.html,Non
input/gp1-ctrl-meca-stat-math/Controle-Mecanique-Energie-GP1.html,Non
input/le-plan-r2-l-espace-r3.html,Non
input/liste-code-latex.html,Non
input/tmp-coordonnees.html,Non
input/tmp-testIA.html,Non
input/une-autre-methode-de-multiplication.html,Non
input/une-autre-methode-de-soustraction.html,Non
nomenclature.html,Oui
panorama-des-mathematiques-college.html,Oui
panorama-des-mathematiques-fac.html,Non
panorama-des-mathematiques-lycee.html,Oui
panorama-des-mathematiques-section-0.html,Oui
panorama-des-mathematiques-section-1.html,Oui
panorama-des-mathematiques.html,Non
physique-exercices-electrostatique-exercice1.html,Non
physique-exercices-liste.html,Non
physique-exercices-mecanique-gravitationnelle-exercice1.html,Non
proba-esperance_variance_ecarttype.html,Non
proba-index.html,Non
probas-cours-complet.html,Non
probas-cours_probabilites.html,Non
probas.html,Non
quat.html,Non
tmp.html,Non
trigonometrie-chapitre0.html,Non
